<?xml version="1.0" encoding="UTF-8"?>
<project-private xmlns="http://www.netbeans.org/ns/project-private/1">
    <editor-bookmarks xmlns="http://www.netbeans.org/ns/editor-bookmarks/2" lastBookmarkId="0"/>
    <open-files xmlns="http://www.netbeans.org/ns/projectui-open-files/2">
        <group>
            <file>file:/G:/Documentos/GitHub/totserapp/totserapp/src/com/totserapp/controller/Controller.java</file>
            <file>file:/G:/Documentos/GitHub/totserapp/totserapp/src/com/totserapp/view/EpisodeView.java</file>
            <file>file:/G:/Documentos/GitHub/totserapp/totserapp/src/com/totserapp/model/Serie.java</file>
            <file>file:/G:/Documentos/GitHub/totserapp/totserapp/src/com/totserapp/view/RegistreView.java</file>
            <file>file:/G:/Documentos/GitHub/totserapp/totserapp/src/com/totserapp/view/MainView.java</file>
            <file>file:/G:/Documentos/GitHub/totserapp/totserapp/src/com/totserapp/TotSeries.java</file>
            <file>file:/G:/Documentos/GitHub/totserapp/totserapp/src/com/totserapp/controller/MainController.java</file>
            <file>file:/G:/Documentos/GitHub/totserapp/totserapp/src/com/totserapp/model/Episodi.java</file>
            <file>file:/G:/Documentos/GitHub/totserapp/totserapp/src/com/totserapp/view/View.java</file>
            <file>file:/G:/Documentos/GitHub/totserapp/totserapp/src/com/totserapp/model/Temporada.java</file>
            <file>file:/G:/Documentos/GitHub/totserapp/totserapp/src/com/totserapp/model/Usuari.java</file>
            <file>file:/G:/Documentos/GitHub/totserapp/totserapp/src/com/totserapp/util/TotSeriesDataManager.java</file>
        </group>
    </open-files>
</project-private>
